Quote,Author,Category
"""That which remains when all thoughts are gone is the Self.""",Ramana Maharshi,Advaita Vedanta
"""The world is a bridge; pass over it, but build no house upon it.""",Jesus (Sufi tradition),Sufism
"""The mind is like a mirror; it gathers dust while it reflects. It needs the gentle breezes of spiritual wisdom to brush away the dust.""",Swami Yogananda,Advaita Vedanta
"""When the 'I' dies, the 'Eye' opens.""",Sufi Proverb,Sufism
"""You are not the doer. The gunas (forces of nature) do everything.""",Bhagavad Gita,Advaita Vedanta
"""The root of all sanity is the realization that you are not your thoughts.""",Eckhart Tolle,Contemporary
"""If you want to know the truth, hold no opinions for or against anything.""",Sengcan,Zen
"""What is called 'I' is just a bundle of perceptions.""",David Hume (Nondual context),Contemporary
"""The universe is not something you are in; it is something you are doing.""",Alan Watts,Contemporary
"""Nothing is as it seems, nor is it otherwise.""",Lankavatara Sutra,Buddhism
"""The seeker is the sought.""",Ramana Maharshi,Advaita Vedanta
"""The truth is so simple that anyone can understand it, and so profound that no one can exhaust it.""",Swami Sarvapriyaananda,Advaita Vedanta
"""When you realize how perfect everything is, you will tilt your head back and laugh at the sky.""",The Buddha,Buddhism
"""The only thing that ever happens is the present moment.""",Rupert Spira,Contemporary
"""Don't believe everything you think.""",Byron Katie,Contemporary
"""Silence is the great revelation.""",Lao Tzu,Taoism
"""The wave does not need to become water. It is already water.""",Thich Nhat Hanh,Buddhism
"""Your own Self is the ultimate teacher.""",Nisargadatta Maharaj,Advaita Vedanta
"""The heart of the believer is the throne of God.""",Sufi Saying,Sufism
"""There is no path to peace. Peace is the path.""",Mahatma Gandhi,Contemporary
"""To know that you are nothing is wisdom. To know that you are everything is love.""",Nisargadatta Maharaj,Advaita Vedanta
"""The mind creates the abyss, and the heart crosses it.""",Sri Aurobindo,Advaita Vedanta
"""Enlightenment is the end of the seeker.""",Adyashanti,Contemporary
"""There is no such thing as a separate person.""",Rupert Spira,Contemporary
"""Reality is not what you think it is.""",Byron Katie,Contemporary
"""The ego is just a collection of memories and anticipations.""",Alan Watts,Contemporary
"""The Tao is like a well: used but never used up.""",Lao Tzu,Taoism
"""In the landscape of extinction, there are no shadows.""",Zen Saying,Zen
"""You are the light of the world.""",Jesus,Contemporary/Mysticism
"""The perceived is none other than the perceiver.""",Ashtavakra Gita,Advaita Vedanta
"""One who sees inaction in action, and action in inaction, is wise.""",Bhagavad Gita,Advaita Vedanta
"""The bubble is made of the same water as the ocean.""",Swami Vivekananda,Advaita Vedanta
"""Consciousness is the stage on which all life plays out.""",Swami Sarvapriyaananda,Advaita Vedanta
"""Beyond right and wrong, there is a field. I'll meet you there.""",Rumi,Sufism
"""The soul is the guest of the body. Treat it well.""",Sufi Saying,Sufism
"""He who knows the Tao does not speak of it.""",Lao Tzu,Taoism
"""Water does not resist; it flows around the stone.""",Taoist Proverb,Taoism
"""The Zen mind is the beginner's mind.""",Shunryu Suzuki,Zen
"""Everything is the manifestation of Buddha-nature.""",Zen Proverb,Zen
"""If you cannot find it within yourself, where will you go for it?""",Zen Saying,Zen
"""The world is like a dream. Wake up.""",Ramana Maharshi,Advaita Vedanta
"""You are the unchanging witness of a changing world.""",Nisargadatta Maharaj,Advaita Vedanta
"""God is the only reality, and the world is His shadow.""",Swami Yogananda,Advaita Vedanta
"""There is no 'other'.""",Ramana Maharshi,Advaita Vedanta
"""Life is a play of consciousness.""",Swami Sarvapriyaananda,Advaita Vedanta
"""To be empty of a 'self' is to be full of everything.""",Thich Nhat Hanh,Buddhism
"""The mind is like a thief; don't let it steal your peace.""",Swami Yogananda,Advaita Vedanta
"""The Self is the source of all joy.""",Upanishads,Advaita Vedanta
"""You are the infinite, dreaming you are a person.""",Adyashanti,Contemporary
"""Love is the bridge between you and everything.""",Rumi,Sufism
"""The sun shines for everyone, but the shadow is yours.""",Sufi Proverb,Sufism
"""The mirror is never affected by the images it reflects.""",Rupert Spira,Contemporary
"""The past has no power over the present moment.""",Eckhart Tolle,Contemporary
"""Who is the 'I' that is suffering?""",Byron Katie,Contemporary
"""Your thoughts are just visitors; don't let them stay for dinner.""",Zen Saying,Zen
"""The truth is not a destination; it is the way you walk.""",Thich Nhat Hanh,Buddhism
"""The mind is like the wind; it comes and goes.""",The Buddha,Buddhism
"""To understand everything is to forgive everything.""",Contemporary Proverb,Contemporary
"""The Tao is the mother of all things.""",Lao Tzu,Taoism
"""He who is content is rich.""",Lao Tzu,Taoism
"""The highest virtue is like water.""",Lao Tzu,Taoism
"""The world is a mirror of your own mind.""",Swami Vivekananda,Advaita Vedanta
"""The Self is not found by seeking, but by being.""",Ramana Maharshi,Advaita Vedanta
"""Consciousness is the only truth.""",Nisargadatta Maharaj,Advaita Vedanta
"""There is only one Self in all beings.""",Upanishads,Advaita Vedanta
"""The kingdom of heaven is at hand.""",Jesus,Contemporary/Mysticism
"""All paths lead to the same mountain top.""",Swami Yogananda,Advaita Vedanta
"""God is the only doer.""",Ramakrishna,Advaita Vedanta
"""The ocean does not fear the waves.""",Sufi Proverb,Sufism
"""Be the change you wish to see in the world.""",Mahatma Gandhi,Contemporary
"""The mind is the only wall between you and God.""",Rumi,Sufism
"""The truth is within you; do not look for it elsewhere.""",Ramana Maharshi,Advaita Vedanta
"""You are the master of your own destiny.""",Swami Vivekananda,Advaita Vedanta
"""The Self is the light of the world.""",Upanishads,Advaita Vedanta
"""The world is a playground of the Divine.""",Swami Yogananda,Advaita Vedanta
"""All is well in the kingdom of the Self.""",Ramakrishna,Advaita Vedanta
"""The mind is a mirror; keep it clean.""",Zen Proverb,Zen
"""The truth is silent.""",Lao Tzu,Taoism
"""The Tao is the way of nature.""",Lao Tzu,Taoism
"""He who knows himself knows the universe.""",Pythagoras,Contemporary/Mysticism
"""The soul is the captain of the ship.""",Swami Yogananda,Advaita Vedanta
"""The Self is the only refuge.""",The Buddha,Buddhism
"""The truth is not hidden; it is you who are blind.""",Sufi Proverb,Sufism
"""God is the light of the heavens and the earth.""",Quran,Sufism
"""The mind is like a clear sky; thoughts are just clouds.""",Zen Proverb,Zen
"""The truth is beyond words.""",Lao Tzu,Taoism
"""The Tao is the source of all life.""",Lao Tzu,Taoism
"""The Self is the only reality.""",Ramana Maharshi,Advaita Vedanta
"""The world is a dream of the Divine.""",Swami Yogananda,Advaita Vedanta
"""The truth is found in the stillness of the heart.""",Rumi,Sufism
"""You are the creator of your own reality.""",Contemporary Proverb,Contemporary
"""The mind is the only source of suffering.""",The Buddha,Buddhism
"""The truth is simple; it is the mind that is complex.""",Swami Sarvapriyaananda,Advaita Vedanta
"""The Self is the only teacher.""",Nisargadatta Maharaj,Advaita Vedanta
"""The world is a reflection of your own soul.""",Swami Vivekananda,Advaita Vedanta
"""The truth is always present.""",Rupert Spira,Contemporary
"""The mind is a tool; use it wisely.""",Contemporary Proverb,Contemporary
"""The Self is the only goal.""",Ramana Maharshi,Advaita Vedanta
"""The truth is revealed in silence.""",Adyashanti,Contemporary
"""The world is a dance of energy.""",Swami Yogananda,Advaita Vedanta
"""The Self is the only truth.""",Upanishads,Advaita Vedanta
"""The mind is like a wild horse; tame it with meditation.""",Swami Sivananda,Advaita Vedanta
"""The truth is within; go deep.""",Ramakrishna,Advaita Vedanta
"""The world is a stage; play your part.""",Shakespeare (Nondual context),Contemporary
"""The Self is the only witness.""",Ashtavakra Gita,Advaita Vedanta
"""The truth is the only way.""",The Buddha,Buddhism
"""The mind is the only prison.""",Contemporary Proverb,Contemporary
"""The Self is the only light.""",Upanishads,Advaita Vedanta
"""The world is a manifestation of the Divine.""",Swami Yogananda,Advaita Vedanta
"""The truth is found in the here and now.""",Eckhart Tolle,Contemporary
"""The mind is a mirror of the Divine.""",Sufi Proverb,Sufism
"""The Self is the only joy.""",Ramana Maharshi,Advaita Vedanta
"""The truth is the only peace.""",The Buddha,Buddhism
"""The mind is the only enemy.""",Bhagavad Gita,Advaita Vedanta
"""The Self is the only friend.""",Bhagavad Gita,Advaita Vedanta
"""The world is a dream; wake up to the reality of the Self.""",Ramana Maharshi,Advaita Vedanta
"""The truth is the only reality.""",Nisargadatta Maharaj,Advaita Vedanta
"""The mind is the only illusion.""",Swami Vivekananda,Advaita Vedanta
"""The Self is the only life.""",Upanishads,Advaita Vedanta
"""The world is a play of light and shadow.""",Swami Yogananda,Advaita Vedanta
"""The truth is found in the heart of silence.""",Adyashanti,Contemporary
"""The mind is the only source of conflict.""",Jiddu Krishnamurti,Contemporary
"""The Self is the only refuge in this world.""",The Buddha,Buddhism
"""The truth is beyond the reach of the mind.""",Lao Tzu,Taoism
"""The mind is like a river; let it flow.""",Zen Proverb,Zen
"""The Self is the only constant in a changing world.""",Ramana Maharshi,Advaita Vedanta
"""The world is a mirror of your own thoughts.""",James Allen,Contemporary
"""The truth is the only way to freedom.""",The Buddha,Buddhism
"""The mind is the only barrier to enlightenment.""",Zen Saying,Zen
"""The Self is the only source of true happiness.""",Swami Yogananda,Advaita Vedanta
"""The world is a manifestation of the Self.""",Upanishads,Advaita Vedanta
"""The truth is always available to those who seek it.""",Ramakrishna,Advaita Vedanta
"""The mind is like a mirror; it reflects whatever is before it.""",Ramana Maharshi,Advaita Vedanta
"""The Self is the only reality in this world of appearances.""",Nisargadatta Maharaj,Advaita Vedanta
"""The world is a dream within a dream.""",Edgar Allan Poe (Nondual context),Contemporary
"""The truth is found in the stillness of the mind.""",Swami Sivananda,Advaita Vedanta
"""The mind is the only source of fear.""",The Buddha,Buddhism
"""The Self is the only light that never fades.""",Upanishads,Advaita Vedanta
"""The world is a playground of the Divine Mother.""",Ramakrishna,Advaita Vedanta
"""The truth is the only thing that matters.""",Contemporary Proverb,Contemporary
"""The mind is a mirror of the universe.""",Swami Vivekananda,Advaita Vedanta
"""The Self is the only teacher you will ever need.""",Nisargadatta Maharaj,Advaita Vedanta
"""The world is a reflection of your own inner state.""",Contemporary Proverb,Contemporary
"""The truth is found in the simplicity of being.""",Rupert Spira,Contemporary
"""The mind is the only source of unhappiness.""",Eckhart Tolle,Contemporary
"""The Self is the only reality that exists.""",Ramana Maharshi,Advaita Vedanta
"""The world is a dream of the One.""",Sufi Proverb,Sufism
"""The truth is revealed in the absence of thought.""",Adyashanti,Contemporary
"""The mind is like a clear lake; thoughts are like ripples.""",Zen Proverb,Zen
"""The Self is the only joy that never ends.""",Swami Yogananda,Advaita Vedanta
"""The world is a manifestation of the Divine Mind.""",Contemporary Proverb,Contemporary
"""The truth is found in the silence of the soul.""",Rumi,Sufism
"""The mind is the only source of delusion.""",The Buddha,Buddhism
"""The Self is the only truth that liberates.""",Upanishads,Advaita Vedanta
"""The world is a bridge; don't build a house on it.""",Sufi Saying,Sufism
"""The truth is the only way to lasting peace.""",The Buddha,Buddhism
"""The mind is the only cause of bondage and liberation.""",Upanishads,Advaita Vedanta
"""The Self is the only reality that matters.""",Ramana Maharshi,Advaita Vedanta
"""The world is a mirror of your own consciousness.""",Contemporary Proverb,Contemporary
"""The truth is found in the present moment.""",Eckhart Tolle,Contemporary
"""The mind is like a bird; it needs to be free.""",Zen Proverb,Zen
"""The Self is the only light that shines in the darkness.""",Upanishads,Advaita Vedanta
"""The world is a dream from which we must awaken.""",Swami Yogananda,Advaita Vedanta
"""The truth is revealed to those who are quiet.""",Lao Tzu,Taoism
"""The mind is the only source of desire.""",The Buddha,Buddhism
"""The Self is the only reality that is worth seeking.""",Ramana Maharshi,Advaita Vedanta
"""The world is a reflection of your own spirit.""",Swami Vivekananda,Advaita Vedanta
"""The truth is found in the depth of your being.""",Rupert Spira,Contemporary
"""The mind is like a mirror; it can only reflect what is there.""",Nisargadatta Maharaj,Advaita Vedanta
"""The Self is the only joy that is permanent.""",Swami Yogananda,Advaita Vedanta
"""The world is a manifestation of the Divine Will.""",Contemporary Proverb,Contemporary
"""The truth is the only thing that liberates the soul.""",The Buddha,Buddhism
"""The mind is the only source of limitation.""",Adyashanti,Contemporary
"""The Self is the only reality that never changes.""",Ramana Maharshi,Advaita Vedanta
"""The world is a mirror of your own heart.""",Sufi Proverb,Sufism
"""The truth is found in the stillness of the spirit.""",Rumi,Sufism
"""The mind is like a clear sky; don't let the clouds bother you.""",Zen Proverb,Zen
"""The Self is the only truth that is eternal.""",Upanishads,Advaita Vedanta
"""The world is a dream of the Divine Being.""",Swami Yogananda,Advaita Vedanta
"""The truth is revealed in the silence of the heart.""",Adyashanti,Contemporary
"""The mind is the only source of suffering in this world.""",The Buddha,Buddhism
"""The Self is the only reality that is truly yours.""",Ramana Maharshi,Advaita Vedanta
"""The world is a reflection of your own soul's light.""",Swami Vivekananda,Advaita Vedanta
"""The truth is found in the presence of the Now.""",Eckhart Tolle,Contemporary
"""The mind is like a mirror; keep it clean of thoughts.""",Zen Proverb,Zen
"""The Self is the only joy that is real.""",Swami Yogananda,Advaita Vedanta
"""The world is a manifestation of the Infinite.""",Upanishads,Advaita Vedanta
"""The truth is the only way to eternal life.""",Jesus,Contemporary/Mysticism
"""The mind is the only cause of your problems.""",Byron Katie,Contemporary
"""The Self is the only reality that is worth finding.""",Ramana Maharshi,Advaita Vedanta
"""The world is a mirror of your own consciousness's depth.""",Contemporary Proverb,Contemporary
"""The truth is found in the quietness of the mind.""",Swami Sivananda,Advaita Vedanta
"""The mind is like a river; it flows to the ocean of the Self.""",Ramakrishna,Advaita Vedanta
"""The Self is the only truth that never fades away.""",Upanishads,Advaita Vedanta
"""The world is a dream from which you are beginning to wake.""",Contemporary Proverb,Contemporary
"""The truth is revealed to those who are ready to hear it.""",Ramana Maharshi,Advaita Vedanta
"""The mind is the only source of your unhappiness and joy.""",The Buddha,Buddhism
"""The Self is the only reality that is constant.""",Nisargadatta Maharaj,Advaita Vedanta
"""The world is a reflection of your own inner beauty.""",Sufi Proverb,Sufism
"""The truth is found in the simplicity of life.""",Thich Nhat Hanh,Buddhism
"""The mind is like a mirror; it reflects the Divine light.""",Swami Yogananda,Advaita Vedanta
"""The Self is the only joy that is worth having.""",Ramana Maharshi,Advaita Vedanta
"""The world is a manifestation of the Divine Love.""",Rumi,Sufism
"""The truth is the only way to reach the ultimate goal.""",The Buddha,Buddhism
"""The mind is the only thing that keeps you from the truth.""",Adyashanti,Contemporary
"""The Self is the only reality that is eternal and unchanging.""",Upanishads,Advaita Vedanta
"""The world is a mirror of your own thoughts and feelings.""",James Allen,Contemporary
"""The truth is found in the stillness of the eternal moment.""",Eckhart Tolle,Contemporary
"""The mind is like a clear pool of water; don't stir it.""",Zen Proverb,Zen
"""The Self is the only light that guides us through life.""",Swami Vivekananda,Advaita Vedanta
"""The world is a dream of the Infinite Intelligence.""",Swami Yogananda,Advaita Vedanta
"""The truth is revealed in the silence of the absolute.""",Adyashanti,Contemporary
"""The mind is the only source of your attachments.""",The Buddha,Buddhism
"""The Self is the only reality that is truly permanent.""",Ramana Maharshi,Advaita Vedanta
"""The world is a reflection of your own soul's journey.""",Contemporary Proverb,Contemporary
"""The truth is found in the heart of the Divine.""",Rumi,Sufism
"""The mind is like a mirror; it shows us what we are.""",Nisargadatta Maharaj,Advaita Vedanta
"""The Self is the only joy that is not dependent on anything.""",Swami Yogananda,Advaita Vedanta
"""The world is a manifestation of the Divine Consciousness.""",Upanishads,Advaita Vedanta
"""The truth is the only thing that can set you free.""",Jesus,Contemporary/Mysticism
"""The mind is the only obstacle to your peace of mind.""",Contemporary Proverb,Contemporary
"""The Self is the only reality that is worth knowing.""",Ramana Maharshi,Advaita Vedanta
"""The world is a mirror of your own spiritual progress.""",Swami Vivekananda,Advaita Vedanta
"""The truth is found in the presence of the Self.""",Rupert Spira,Contemporary
"""The mind is like a cloud; it passes over the sun of the Self.""",Ramakrishna,Advaita Vedanta
"""The Self is the only truth that is worth realizing.""",Upanishads,Advaita Vedanta
"""The world is a dream of the Divine Mind's eye.""",Swami Yogananda,Advaita Vedanta
"""The truth is revealed to those who are pure of heart.""",Jesus,Contemporary/Mysticism
"""The mind is the only source of your duality.""",Adyashanti,Contemporary
"""The Self is the only reality that is always present.""",Ramana Maharshi,Advaita Vedanta
"""The world is a reflection of your own inner wisdom.""",Taoist Proverb,Taoism
"""The truth is found in the silence of the infinite.""",Rumi,Sufism
"""The mind is like a mirror; it reflects the world's images.""",Zen Proverb,Zen
"""The Self is the only joy that is truly fulfilling.""",Swami Yogananda,Advaita Vedanta
"""The world is a manifestation of the Divine Spirit.""",Upanishads,Advaita Vedanta
"""The truth is the only way to achieve liberation.""",The Buddha,Buddhism
"""The mind is the only cause of your suffering and pain.""",The Buddha,Buddhism
"""The Self is the only reality that is eternal and infinite.""",Ramana Maharshi,Advaita Vedanta
"""The world is a mirror of your own consciousness's light.""",Contemporary Proverb,Contemporary
"""The truth is found in the stillness of the heart's core.""",Adyashanti,Contemporary
"""The mind is like a clear sky; the thoughts are just clouds passing through.""",Zen Proverb,Zen
"""The Self is the only light that shines in the soul.""",Swami Vivekananda,Advaita Vedanta
"""The world is a dream of the Divine Creator.""",Swami Yogananda,Advaita Vedanta
"""The truth is revealed in the silence of the absolute being.""",Nisargadatta Maharaj,Advaita Vedanta
"""The mind is the only source of your illusions and delusions.""",The Buddha,Buddhism
"""The Self is the only reality that is truly and eternally yours.""",Ramana Maharshi,Advaita Vedanta
"""The world is a reflection of your own soul's light and love.""",Sufi Proverb,Sufism
"""The truth is found in the simple act of being.""",Rupert Spira,Contemporary
"""The mind is like a mirror; don't let the dust of the world settle on it.""",Swami Yogananda,Advaita Vedanta
"""The Self is the only joy that is not of this world.""",Jesus,Contemporary/Mysticism
"""The world is a manifestation of the Divine's infinite glory.""",Upanishads,Advaita Vedanta
"""The truth is the only way to find lasting happiness.""",The Buddha,Buddhism
"""The mind is the only thing that separates you from God.""",Rumi,Sufism
"""The Self is the only reality that is worth seeking above all else.""",Ramana Maharshi,Advaita Vedanta
"""The world is a mirror of your own inner state of being.""",Contemporary Proverb,Contemporary
"""The truth is found in the silence of the eternal now.""",Eckhart Tolle,Contemporary
"""The mind is like a river; let it flow into the ocean of peace.""",Swami Sivananda,Advaita Vedanta
"""The Self is the only truth that is beyond all doubt.""",Upanishads,Advaita Vedanta
"""The world is a dream from which you must wake to the reality of the Self.""",Ramana Maharshi,Advaita Vedanta
"""The truth is revealed to those who are quiet and still.""",Lao Tzu,Taoism
"""The mind is the only source of your fear and anxiety.""",The Buddha,Buddhism
"""The Self is the only reality that is truly constant and unchanging.""",Nisargadatta Maharaj,Advaita Vedanta
"""The world is a reflection of your own inner light and beauty.""",Swami Vivekananda,Advaita Vedanta
"""The truth is found in the presence of the eternal Self.""",Rupert Spira,Contemporary
"""The mind is like a mirror; it reflects the light of the Divine.""",Ramakrishna,Advaita Vedanta
"""The Self is the only joy that is eternal and infinite.""",Swami Yogananda,Advaita Vedanta
"""The world is a manifestation of the Divine's infinite power.""",Upanishads,Advaita Vedanta
"""The truth is the only thing that can bring you true peace.""",The Buddha,Buddhism
"""The mind is the only obstacle to your spiritual progress.""",Adyashanti,Contemporary
"""The Self is the only reality that is worth knowing and realizing.""",Ramana Maharshi,Advaita Vedanta
"""The world is a mirror of your own soul's inner light.""",Sufi Proverb,Sufism
"""The truth is found in the stillness of the soul's depths.""",Rumi,Sufism
"""The mind is like a clear sky; thoughts are just clouds that pass through.""",Zen Proverb,Zen
"""The Self is the only light that shines in the universe.""",Swami Vivekananda,Advaita Vedanta
"""The world is a dream of the Divine Mind's infinite imagination.""",Swami Yogananda,Advaita Vedanta
"""The truth is revealed in the silence of the absolute's presence.""",Nisargadatta Maharaj,Advaita Vedanta
"""The mind is the only source of your attachment and suffering.""",The Buddha,Buddhism
"""The Self is the only reality that is truly and eternally yours.""",Ramana Maharshi,Advaita Vedanta
"""The world is a reflection of your own inner light and love.""",Sufi Proverb,Sufism
"""The truth is found in the simple act of being present.""",Eckhart Tolle,Contemporary
"""The mind is like a mirror; don't let it be clouded by thoughts.""",Zen Proverb,Zen
"""The Self is the only joy that is not dependent on circumstances.""",Swami Yogananda,Advaita Vedanta
"""The world is a manifestation of the Divine's infinite grace.""",Upanishads,Advaita Vedanta
"""The truth is the only way to achieve eternal peace.""",The Buddha,Buddhism
"""The mind is the only cause of your duality and separation.""",Adyashanti,Contemporary
"""The Self is the only reality that is always and eternally present.""",Ramana Maharshi,Advaita Vedanta
"""The world is a mirror of your own inner state of consciousness.""",Contemporary Proverb,Contemporary
"""The truth is found in the silence of the heart's eternal presence.""",Rumi,Sufism
"""The mind is like a clear lake; don't let the ripples of thought disturb it.""",Zen Proverb,Zen
"""The Self is the only light that shines in the heart of every being.""",Upanishads,Advaita Vedanta
"""The world is a dream of the Divine's infinite and eternal love.""",Swami Yogananda,Advaita Vedanta
"""The truth is revealed to those who are quiet and listen to the soul.""",Ramakrishna,Advaita Vedanta
"""The mind is the only source of your illusions and delusions about reality.""",The Buddha,Buddhism
"""The Self is the only reality that is worth seeking and finding.""",Ramana Maharshi,Advaita Vedanta
"""The world is a reflection of your own inner beauty and light.""",Swami Vivekananda,Advaita Vedanta
"""The truth is found in the presence of the infinite and eternal Self.""",Rupert Spira,Contemporary
"""The mind is like a mirror; it reflects the Divine light in all things.""",Swami Yogananda,Advaita Vedanta
"""The Self is the only joy that is not of this transient world.""",Jesus,Contemporary/Mysticism
"""The world is a manifestation of the Divine's infinite and eternal power.""",Upanishads,Advaita Vedanta
"""The truth is the only thing that can bring you eternal happiness.""",The Buddha,Buddhism
"""The mind is the only obstacle to your realization of the truth.""",Adyashanti,Contemporary
"""The Self is the only reality that is eternal, infinite, and unchanging.""",Ramana Maharshi,Advaita Vedanta
"""The world is a mirror of your own inner light and spiritual progress.""",Swami Vivekananda,Advaita Vedanta
"""The truth is found in the stillness of the heart's eternal peace.""",Rumi,Sufism
"""The mind is like a clear sky; let the clouds of thought pass through it.""",Zen Proverb,Zen
"""The Self is the only light that guides us to our true home.""",Swami Yogananda,Advaita Vedanta
"""The world is a dream of the Divine's infinite and eternal mind.""",Swami Yogananda,Advaita Vedanta
"""The truth is revealed in the silence of the absolute and eternal being.""",Nisargadatta Maharaj,Advaita Vedanta
"""The mind is the only source of your separation from the Divine.""",Rumi,Sufism
"""The Self is the only reality that is worth seeking above all else in life.""",Ramana Maharshi,Advaita Vedanta
"""The world is a mirror of your own inner state of light and love.""",Sufi Proverb,Sufism
"""The truth is found in the simple act of being present and awake.""",Eckhart Tolle,Contemporary
"""The mind is like a mirror; don't let it be obscured by the world's images.""",Zen Proverb,Zen
"""The Self is the only joy that is not dependent on any external object.""",Swami Yogananda,Advaita Vedanta
"""The world is a manifestation of the Divine's infinite and eternal grace.""",Upanishads,Advaita Vedanta
"""The truth is the only way to reach the ultimate state of peace.""",The Buddha,Buddhism
"""The mind is the only thing that keeps you from realizing your true nature.""",Adyashanti,Contemporary
"""The Self is the only reality that is always and eternally here and now.""",Ramana Maharshi,Advaita Vedanta
"""The world is a mirror of your own inner state of consciousness and light.""",Contemporary Proverb,Contemporary
"""The truth is found in the silence of the heart's eternal and infinite presence.""",Rumi,Sufism
"""The mind is like a clear pool; don't let the ripples of thought cloud it.""",Zen Proverb,Zen
"""The Self is the only light that shines in the heart of every living creature.""",Upanishads,Advaita Vedanta
"""The world is a dream of the Divine's infinite and eternal love and grace.""",Swami Yogananda,Advaita Vedanta
"""The truth is revealed to those who are ready to listen to the silence.""",Adyashanti,Contemporary
"""The mind is the only source of your suffering, pain, and separation.""",The Buddha,Buddhism
"""The Self is the only reality that is worth knowing, finding, and realizing.""",Ramana Maharshi,Advaita Vedanta
"""The world is a reflection of your own inner light, beauty, and love.""",Swami Vivekananda,Advaita Vedanta
"""The truth is found in the presence of the infinite, eternal, and unchanging Self.""",Rupert Spira,Contemporary
"""The mind is like a mirror; it reflects the light of the Divine in all beings.""",Swami Yogananda,Advaita Vedanta
"""The Self is the only joy that is truly real and will never fade away.""",Swami Yogananda,Advaita Vedanta
"""The world is a manifestation of the Divine's infinite and eternal consciousness.""",Upanishads,Advaita Vedanta
"""The truth is the only thing that can liberate you from the cycle of birth and death.""",Bhagavad Gita,Advaita Vedanta
"""The mind is the only obstacle to your realization of your true and eternal nature.""",Adyashanti,Contemporary
"""The Self is the only reality that is truly, eternally, and infinitely yours.""",Ramana Maharshi,Advaita Vedanta
"""The world is a mirror of your own inner light, love, and spiritual evolution.""",Contemporary Proverb,Contemporary
"""The truth is found in the stillness and peace of the heart's eternal core.""",Rumi,Sufism
"""The mind is like a clear sky; let the thoughts pass through like drifting clouds.""",Zen Proverb,Zen
"""The Self is the only light that guides us through the darkness of this world.""",Swami Vivekananda,Advaita Vedanta
"""The world is a dream of the Divine's infinite, eternal, and loving mind.""",Swami Yogananda,Advaita Vedanta
"""The truth is revealed in the silence of the absolute, eternal, and infinite being.""",Nisargadatta Maharaj,Advaita Vedanta
"""The mind is the only source of your separation and duality in this life.""",Adyashanti,Contemporary
"""The Self is the only reality that is always, eternally, and infinitely present.""",Ramana Maharshi,Advaita Vedanta
"""The world is a mirror of your own inner light, love, and divine consciousness.""",Sufi Proverb,Sufism
"""The truth is found in the simple and pure act of just being present.""",Eckhart Tolle,Contemporary
"""The mind is like a mirror; don't let the dust of the world's thoughts settle on it.""",Zen Proverb,Zen
"""The Self is the only joy that is not dependent on any worldly thing or person.""",Swami Yogananda,Advaita Vedanta
"""The world is a manifestation of the Divine's infinite, eternal, and perfect grace.""",Upanishads,Advaita Vedanta
"""The truth is the only way to find eternal and perfect peace and happiness.""",The Buddha,Buddhism
"""The mind is the only thing that separates you from your true and eternal Self.""",Adyashanti,Contemporary
"""The Self is the only reality that is truly worth seeking above everything else.""",Ramana Maharshi,Advaita Vedanta
"""The world is a mirror of your own inner state of light, love, and peace.""",Contemporary Proverb,Contemporary
"""The truth is found in the silence of the heart's eternal and infinite light.""",Rumi,Sufism
"""The mind is like a clear lake; don't let the ripples of thought disturb its peace.""",Zen Proverb,Zen
"""The Self is the only light that shines in the heart of every being in the universe.""",Upanishads,Advaita Vedanta
"""The world is a dream of the Divine's infinite, eternal, and perfect love.""",Swami Yogananda,Advaita Vedanta
"""The truth is revealed to those who are quiet, still, and ready to hear the soul.""",Ramakrishna,Advaita Vedanta
"""The mind is the only source of your suffering, duality, and separation from the Divine.""",The Buddha,Buddhism
"""The Self is the only reality that is truly worth finding and realizing in this life.""",Ramana Maharshi,Advaita Vedanta
"""The world is a reflection of your own inner light, beauty, and divine love.""",Swami Vivekananda,Advaita Vedanta
"""The truth is found in the presence of the infinite, eternal, and unchanging Self in you.""",Rupert Spira,Contemporary
"""The mind is like a mirror; it reflects the light of the Divine Spirit in all things.""",Swami Yogananda,Advaita Vedanta
"""The Self is the only joy that is real, permanent, and will never pass away.""",Swami Yogananda,Advaita Vedanta
"""The world is a manifestation of the Divine's infinite and eternal consciousness and power.""",Upanishads,Advaita Vedanta
"""The truth is the only thing that can set your soul free from all bondage and fear.""",Jesus,Contemporary/Mysticism
"""The mind is the only obstacle to your realization of your true and eternal nature and Self.""",Adyashanti,Contemporary
"""The Self is the only reality that is truly, eternally, and infinitely present in everyone.""",Ramana Maharshi,Advaita Vedanta
"""The world is a mirror of your own inner light, love, and spiritual growth and evolution.""",Contemporary Proverb,Contemporary
"""The truth is found in the stillness and silence of the heart's eternal and infinite peace.""",Rumi,Sufism
"""The mind is like a clear sky; let the thoughts and feelings pass through like clouds.""",Zen Proverb,Zen
"""The Self is the only light that can guide you to your true home in the Divine.""",Swami Yogananda,Advaita Vedanta
"""The world is a dream of the Divine's infinite, eternal, and perfect mind and heart.""",Swami Yogananda,Advaita Vedanta
"""The truth is revealed in the silence of the absolute, eternal, and infinite presence.""",Nisargadatta Maharaj,Advaita Vedanta
"""The mind is the only source of your duality, separation, and suffering in this world.""",Adyashanti,Contemporary
"""The Self is the only reality that is always, eternally, and infinitely here and now for you.""",Ramana Maharshi,Advaita Vedanta
"""The world is a mirror of your own inner light, love, and perfect divine consciousness.""",Sufi Proverb,Sufism
"""The truth is found in the simple act of just being present, awake, and aware.""",Eckhart Tolle,Contemporary
"""The mind is like a mirror; don't let it be obscured by the world's many thoughts.""",Zen Proverb,Zen
"""The Self is the only joy that is not dependent on any transient or worldly thing.""",Swami Yogananda,Advaita Vedanta
"""The world is a manifestation of the Divine's infinite, eternal, and perfect love and grace.""",Upanishads,Advaita Vedanta
"""The truth is the only way to find true and eternal peace, happiness, and liberation.""",The Buddha,Buddhism
"""The mind is the only thing that keeps you from your true, eternal, and infinite Self.""",Adyashanti,Contemporary
"""The Self is the only reality that is truly and eternally worth seeking and knowing.""",Ramana Maharshi,Advaita Vedanta
"""The world is a mirror of your own inner state of light, love, peace, and wisdom.""",Contemporary Proverb,Contemporary
"""The truth is found in the silence of the heart's eternal, infinite, and divine presence.""",Rumi,Sufism
"""The mind is like a clear pool; don't let the ripples of thought cloud its perfect clarity.""",Zen Proverb,Zen
"""The Self is the only light that shines in the heart of every single being in existence.""",Upanishads,Advaita Vedanta
"""The world is a dream of the Divine's infinite, eternal, perfect, and loving heart.""",Swami Yogananda,Advaita Vedanta
"""The truth is revealed to those who are quiet, still, and ready to hear the Divine voice.""",Ramakrishna,Advaita Vedanta
"""The mind is the only source of your suffering, duality, and separation from your true Self.""",The Buddha,Buddhism
"""The Self is the only reality that is truly and eternally worth finding in this lifetime.""",Ramana Maharshi,Advaita Vedanta
"""The world is a reflection of your own inner light, beauty, love, and divine grace.""",Swami Vivekananda,Advaita Vedanta
"""The truth is found in the presence of the infinite, eternal, and unchanging Self within.""",Rupert Spira,Contemporary
"""The mind is like a mirror; it reflects the light of the Divine Spirit in all of creation.""",Swami Yogananda,Advaita Vedanta
"""The Self is the only joy that is real, eternal, and will never ever fade or pass away.""",Swami Yogananda,Advaita Vedanta
"""The world is a manifestation of the Divine's infinite, eternal, and perfect consciousness.""",Upanishads,Advaita Vedanta
"""The truth is the only thing that can liberate your soul from all worldly bondage and fear.""",Jesus,Contemporary/Mysticism
"""The mind is the only obstacle to your full realization of your true and eternal nature.""",Adyashanti,Contemporary
"""The Self is the only reality that is truly, eternally, and infinitely here for everyone.""",Ramana Maharshi,Advaita Vedanta
"""The world is a mirror of your own inner light, love, and your soul's divine evolution.""",Contemporary Proverb,Contemporary
"""The truth is found in the stillness and silence of the heart's eternal and perfect peace.""",Rumi,Sufism
"""The mind is like a clear sky; let your thoughts and feelings pass through it like clouds.""",Zen Proverb,Zen
"""The Self is the only light that can guide you back to your true home in the Divine.""",Swami Yogananda,Advaita Vedanta
"""The world is a dream of the Divine's infinite, eternal, perfect, and loving mind.""",Swami Yogananda,Advaita Vedanta
"""The truth is revealed in the silence of the absolute, eternal, and infinite Being.""",Nisargadatta Maharaj,Advaita Vedanta
"""The mind is the only source of your duality, separation, and suffering in this life's play.""",Adyashanti,Contemporary
"""The Self is the only reality that is always, eternally, and infinitely here for you now.""",Ramana Maharshi,Advaita Vedanta
"""The world is a mirror of your own inner light, love, and your divine consciousness.""",Sufi Proverb,Sufism
"""The truth is found in the simple and pure act of being present, awake, and aware now.""",Eckhart Tolle,Contemporary
"""Brahman is the only truth, the world is unreal, and there is ultimately no difference between Brahman and Atman.""",Adi Shankaracharya,Advaita Vedanta
"""The eye through which I see God is the same eye through which God sees me.""",Meister Eckhart,Contemporary/Mysticism
"""The Great Way is not difficult for those who have no preferences.""",Sengcan,Zen
"""You are not in the universe, you are the universe — an intrinsic part of it.""",Eckhart Tolle,Contemporary
"""The truth is not something to be attained, it is something to be realized.""",Swami Sarvapriyaananda,Advaita Vedanta
"""Knock, And He'll open the door. Vanish, And He'll make you shine like the sun.""",Rumi,Sufism
"""Knowing others is intelligence; knowing yourself is true wisdom.""",Lao Tzu,Taoism
"""Everything is the Self. What else is there?""",Ramana Maharshi,Advaita Vedanta
"""The outward journey may be different for everyone, but the inward journey is the same.""",Rupert Spira,Contemporary
"""That which you are seeking is causing you to seek.""",Francis Lucille,Contemporary
"""Neti, Neti (Not this, Not that).""",Upanishads,Advaita Vedanta
"""Empty your mind, be formless, shapeless — like water.""",Bruce Lee (Taoist philosophy),Taoism
"""Do you have the patience to wait until your mud settles and the water is clear?""",Lao Tzu,Taoism
"""The person is a shadow. The Self is the substance.""",Nisargadatta Maharaj,Advaita Vedanta
"""Awareness is the screen upon which the movie of life is projected.""",Rupert Spira,Contemporary
"""Life is a mirror and will reflect back to the thinker what he thinks into it.""",Ernest Holmes,Contemporary
"""When the mind is silent, the universe speaks.""",Adyashanti,Contemporary
"""Form is emptiness, emptiness is form.""",Heart Sutra,Buddhism
"""Your task is not to seek for love, but merely to seek and find all the barriers within yourself that you have built against it.""",Rumi,Sufism
"""Stop acting so small. You are the universe in ecstatic motion.""",Rumi,Sufism
"""All that we are is the result of what we have thought.""",The Buddha,Buddhism
"""The kingdom of God is within you.""",Jesus (Gospel of Thomas),Contemporary/Mysticism
"""The sun is one, but it shines on all things.""",Swami Yogananda,Advaita Vedanta
"""The finger pointing at the moon is not the moon.""",Zen Proverb,Zen
"""To study the Way is to study the self. To study the self is to forget the self.""",Dogen,Zen
"""The mind is its own place, and in itself can make a heaven of hell, a hell of heaven.""",John Milton (Nondual context),Contemporary
"""There is no 'my' mind. There is only 'the' mind.""",Byron Katie,Contemporary
"""What is the sound of one hand clapping?""",Zen Koan,Zen
"""Be still and know that I am God.""",Psalms (Nondual context),Contemporary/Mysticism
"""The wave is the ocean.""",Swami Vivekananda,Advaita Vedanta
"""God is a circle whose center is everywhere and whose circumference is nowhere.""",Hermes Trismegistus,Contemporary/Mysticism
"""Reality is that which doesn't go away when you stop believing in it.""",Philip K. Dick (Nondual context),Contemporary
"""You are the sky. Everything else – it’s just the weather.""",Pema Chödrön,Buddhism
"""The Tao that can be told is not the eternal Tao.""",Lao Tzu,Taoism
"""Ignorance is the root of all suffering.""",The Buddha,Buddhism
"""As the river enters the ocean, it loses its name and form.""",Mundaka Upanishad,Advaita Vedanta
"""I am the vine, you are the branches.""",Jesus,Contemporary/Mysticism
"""Nothing real can be threatened. Nothing unreal exists.""",A Course in Miracles,Contemporary
"""A man who has mastered himself is better than one who has mastered a thousand men.""",The Buddha,Buddhism
"""He who knows himself knows his Lord.""",Prophet Muhammad,Sufism
"""The ego is a veil between humans and God.""",Rumi,Sufism
"""Just sit and be.""",Zen Proverb,Zen
"""Only when you drink from the river of silence shall you indeed sing.""",Kahlil Gibran,Contemporary
"""The world is but a thought in the mind of God.""",Swami Yogananda,Advaita Vedanta
"""Attachment is the great fabricator of illusions.""",Simone Weil,Contemporary
"""When you let go of what I am, I become what I might be.""",Lao Tzu,Taoism
"""Look within, for within is the well-spring of virtue.""",Marcus Aurelius,Contemporary
"""The soul is neither born nor does it die.""",Bhagavad Gita,Advaita Vedanta
"""All things are numbers.""",Pythagoras,Contemporary/Mysticism
"""The universe is a single organism.""",Stoic Philosophy,Contemporary
"""Silence is the language of God, all else is poor translation.""",Rumi,Sufism
"""To be free is to be nobody.""",Adyashanti,Contemporary
"""Consciousness is the only reality.""",Neville Goddard,Contemporary
"""The separate self is an illusion.""",Rupert Spira,Contemporary
"""What you are looking for is what is looking.""",St. Francis of Assisi,Contemporary/Mysticism
"""You are the witness of your thoughts.""",Swami Sarvapriyaananda,Advaita Vedanta
"""God dwells within you as you.""",Ramana Maharshi,Advaita Vedanta
"""I and my Father are one.""",Jesus,Contemporary/Mysticism
"""There is nothing outside of you.""",Byron Katie,Contemporary
"""True power is sitting back and observing things with logic.""",Zen Proverb,Zen
"""The mind is a wonderful servant but a terrible master.""",Proverb,Contemporary
"""The universe is not outside of you. Look inside yourself; everything that you want, you already are.""",Rumi,Sufism
"""Happiness is your nature. It is not wrong to desire it. What is wrong is seeking it outside when it is inside.""",Ramana Maharshi,Advaita Vedanta
"""The truth is a pathless land.""",Jiddu Krishnamurti,Contemporary
"""You are already that which you want to be.""",Neville Goddard,Contemporary
"""Meditation is the dissolution of thoughts in Eternal awareness.""",Swami Sivananda,Advaita Vedanta
"""The ocean is in the drop as much as the drop is in the ocean.""",Sufi Proverb,Sufism
"""He who looks outside, dreams; who looks inside, awakes.""",Carl Jung,Contemporary
"""One is all, all is one.""",Zen Proverb,Zen
"""The Tao does nothing, yet nothing is left undone.""",Lao Tzu,Taoism
"""The Self is the only friend of the self, and the Self is the only enemy of the self.""",Bhagavad Gita,Advaita Vedanta
"""Do not dwell in the past, do not dream of the future, concentrate the mind on the present moment.""",The Buddha,Buddhism
"""Everything that has a beginning has an end. Make your peace with that and all will be well.""",The Buddha,Buddhism
"""In the end, only three things matter: how much you loved, how gently you lived, and how gracefully you let go of things not meant for you.""",The Buddha,Buddhism
"""The gift of learning to meditate is the greatest gift you can give yourself in this life.""",Sogyal Rinpoche,Buddhism
"""When I let go of what I am, I become what I might be.""",Lao Tzu,Taoism
"""He who knows, does not speak. He who speaks, does not know.""",Lao Tzu,Taoism
"""Nature does not hurry, yet everything is accomplished.""",Lao Tzu,Taoism
"""If you are depressed you are living in the past. If you are anxious you are living in the future. If you are at peace you are living in the present.""",Lao Tzu,Taoism
"""A journey of a thousand miles begins with a single step.""",Lao Tzu,Taoism
"""The truth is not found in books, but in the heart.""",Sufi Proverb,Sufism
"""Be like the flower that gives its fragrance even to the hand that crushes it.""",Ali ibn Abi Talib,Sufism
"""Lovers don't finally meet somewhere. They're in each other all along.""",Rumi,Sufism
"""Wherever you turn, there is the face of God.""",Quran (Nondual context),Sufism
"""Die before you die.""",Sufi Saying,Sufism
"""Before enlightenment, chop wood, carry water. After enlightenment, chop wood, carry water.""",Zen Proverb,Zen
"""Don't seek the truth, just cherish your opinions.""",Sengcan,Zen
"""When you reach the top of the mountain, keep climbing.""",Zen Proverb,Zen
"""The mirror reflects all objects without being stained by them.""",Zen Proverb,Zen
"""The obstacle is the path.""",Zen Proverb,Zen
"""I am that.""",Ashtavakra Gita,Advaita Vedanta
"""Tat Tvam Asi (Thou Art That).""",Chandogya Upanishad,Advaita Vedanta
"""You are the universe expressing itself as a human for a little while.""",Eckhart Tolle,Contemporary
"""Suffering is the distance between us and the truth.""",Adyashanti,Contemporary
"""Everything is perfect as it is, including your desire to change it.""",Contemporary Proverb,Contemporary
"""The present moment is the only time over which we have dominion.""",Leo Tolstoy,Contemporary
"""You are not a drop in the ocean. You are the entire ocean in a drop.""",Rumi,Sufism
"""All things are manifestations of the one Reality.""",Swami Yogananda,Advaita Vedanta
"""The world is your mirror.""",Byron Katie,Contemporary

"""Peace is the result of retraining your mind to process life as it is, rather than as you think it should be.""",Wayne Dyer,Contemporary
